{
  "products": [
    {
      "id": 1,
      "name": "아이스 냉감 여름 패드",
      "provider": "데코뷰",
      "price": 39900,
      "image": "/images/image001.jpg"
    },
    {
      "id": 2,
      "name": "참죽 원목 실리콘레더 호텔식 수납 평상형 LED 안방 1인용 침대 SS Q K",
      "provider": "소소숲",
      "price": 299900,
      "image": "/images/image002.jpg"
    },
    {
      "id": 3,
      "name": "모던 스트라이프 스노우리플 여름차렵이불",
      "provider": "데코뷰",
      "price": 49900,
      "image": "/images/image003.jpg"
    },
    {
      "id": 4,
      "name": "프리미엄 비침없는 밀크쉬폰 커튼(나비주름)",
      "provider": "데코뷰",
      "price": 103400,
      "image": "/images/image004.jpg"
    },
    {
      "id": 5,
      "name": "몬드 월넛 호두나무 원목 포세린 세라믹 식탁",
      "provider": "라미에스",
      "price": 1620000,
      "image": "/images/image005.jpg"
    },
    {
      "id": 6,
      "name": "JAWAL 2단 선반행거 대나무",
      "provider": "마켓비",
      "price": 39900,
      "image": "/images/image006.jpg"
    },
    {
      "id": 7,
      "name": "엘라 벽난로 콘솔 인테리어 수납장",
      "provider": "플랜데코",
      "price": 67000,
      "image": "/images/image007.jpg"
    },
    {
      "id": 8,
      "name": "내츄럴 원형 우드트레이",
      "provider": "데코뷰",
      "price": 10400,
      "image": "/images/image008.jpg"
    }
  ]
}
